	file	best	arguments	err	tted	cci	cci%	ici	ici%	kapa	mae	rmse	rae	rrse	ti	vn	fn	n	vp	fp	p	n_tpr	n_fpr	n_precision	n_recall	n_f	n_mcc	n_roc	n_prc	p_tpr	p_fpr	p_precision	p_recall	p_f	p_mcc	p_roc	p_prc	wa_tpr	wa_fpr	wa_precision	wa_recall	wa_f	wa_mcc	wa_roc	wa_prc	options	ttbm	tttm	confs	t_cci	t_cci%	t_ici	t_ici%	t_kappa	t_mae	t_rmse	t_ti	t_n_tpr	t_n_fpr	t_n_precision	t_n_recall	t_n_f	t_n_mcc	t_n_roc	t_n_prc	t_p_tpr	t_p_fpr	t_p_precision	t_p_recall	t_p_f	t_p_mcc	t_p_roc	t_p_prc	t_wa_tpr	t_wa_fpr	t_wa_precision	t_wa_recall	t_wa_f	t_wa_mcc	t_wa_roc	t_wa_prc	t_vn	t_fn	t_n	t_vp	t_fp	t_p
0	train_NG1_WV_3_30.arff	 weka.classifiers.functions.SMO	 [-C, 1.3762314675534912, -N, 0, -M, -K, weka.classifiers.functions.supportVector.NormalizedPolyKernel -E 1.18626638835136 -L]	0	0.05	66	100	0	0	1	0	0	0	0	66	33	0	0	33	0	1	1	0	1	1	1	1	1	1	1	0	1	1	1	1	1	1	1	0	1	1	1	1	1	1				182	14	77.7778	4	22.2222	0.5556	0.2225	0.4714	18	0.556	0	1	0.556	0.714	0.62	0.889	0.929	1	0.444	0.692	1	0.818	0.62	0.889	0.82	0.778	0.222	0.846	0.778	0.766	0.62	0.889	0.875	5	4	0	9	0	1
1	train_NM2_WV_4_120.arff	 weka.classifiers.meta.Bagging	 [-P, 81, -I, 10, -S, 1, -W, weka.classifiers.bayes.NaiveBayes, --, -D]	0.0909090909090909	0.025	90	90.9091	9	9.0909	0.7874	0.1531	0.2658	34.3548	56.3933	99	64	2	0	26	7	1	0.97	0.212	0.901	0.97	0.934	0.793	0.967	0.984	0.788	0.03	0.929	0.788	0.852	0.793	0.967	0.939	0.909	0.152	0.91	0.909	0.907	0.793	0.967	0.969				141	14	77.7778	4	22.2222	0.5556	0.224	0.3542	18	0.667	0.111	0.857	0.667	0.75	0.57	0.901	0.924	0.889	0.333	0.727	0.889	0.8	0.57	0.901	0.902	0.778	0.222	0.792	0.778	0.775	0.57	0.901	0.913	6	3	0	8	1	1
2	train_NB2_WV_3_60.arff	 weka.classifiers.functions.SMO	 [-C, 0.7127949742291734, -N, 0, -M, -K, weka.classifiers.functions.supportVector.PolyKernel -E 1.1133446901320447 -L]	0.0909090909090909	0.078	60	90.9091	6	9.0909	0.8182	0.1375	0.2676	27.4903	53.5189	66	31	2	0	29	4	1	0.939	0.121	0.886	0.939	0.912	0.82	0.966	0.946	0.879	0.061	0.935	0.879	0.906	0.82	0.966	0.961	0.909	0.091	0.911	0.909	0.909	0.82	0.966	0.954				118	14	77.7778	4	22.2222	0.5556	0.2505	0.4479	18	0.667	0.111	0.857	0.667	0.75	0.57	0.84	0.834	0.889	0.333	0.727	0.889	0.8	0.57	0.84	0.87	0.778	0.222	0.792	0.778	0.775	0.57	0.84	0.852	6	3	0	8	1	1
3	train_NM3_WV_4_120.arff	 weka.classifiers.trees.RandomForest	 [-I, 10, -K, 0, -depth, 0]	0.0202020202020202	0.021	97	97.9798	2	2.0202	0.9538	0.1051	0.1645	23.578	34.9016	99	66	0	0	31	2	1	1	0.061	0.971	1	0.985	0.955	1	1	0.939	0	1	0.939	0.969	0.955	1	1	0.98	0.04	0.98	0.98	0.98	0.955	1	1				155	11	61.1111	7	38.8889	0.2222	0.4111	0.526	18	0.889	0.667	0.571	0.889	0.696	0.267	0.735	0.756	0.333	0.111	0.75	0.333	0.462	0.267	0.735	0.702	0.611	0.389	0.661	0.611	0.579	0.267	0.735	0.729	8	1	0	3	6	1
4	train_NB3_WV_4_60.arff	 weka.classifiers.meta.AdaBoostM1	 [-P, 95, -I, 10, -Q, -S, 1, -W, weka.classifiers.lazy.IBk, --, -K, 22, -X]	0	0.128	53	80.303	13	19.697	0.6061	0.2271	0.3254	45.4111	65.0737	66	20	13	0	33	0	1	0.606	0	1	0.606	0.755	0.659	0.922	0.889	1	0.394	0.717	1	0.835	0.659	0.922	0.889	0.803	0.197	0.859	0.803	0.795	0.659	0.922	0.889				95	9	50	9	50	0	0.4834	0.5963	18	0.111	0.111	0.5	0.111	0.182	0	0.562	0.538	0.889	0.889	0.5	0.889	0.64	0	0.562	0.675	0.5	0.5	0.5	0.5	0.411	0	0.562	0.606	1	8	0	8	1	1
5	train_NB2_WV_2_120.arff	 weka.classifiers.functions.SMO	 [-C, 0.7127949742291734, -N, 0, -M, -K, weka.classifiers.functions.supportVector.PolyKernel -E 1.1133446901320447 -L]	0.0909090909090909	0.027	60	90.9091	6	9.0909	0.8182	0.1408	0.2708	28.1502	54.1615	66	31	2	0	29	4	1	0.939	0.121	0.886	0.939	0.912	0.82	0.965	0.946	0.879	0.061	0.935	0.879	0.906	0.82	0.965	0.96	0.909	0.091	0.911	0.909	0.909	0.82	0.965	0.953				67	14	77.7778	4	22.2222	0.5556	0.2537	0.4549	18	0.667	0.111	0.857	0.667	0.75	0.57	0.827	0.828	0.889	0.333	0.727	0.889	0.8	0.57	0.827	0.858	0.778	0.222	0.792	0.778	0.775	0.57	0.827	0.843	6	3	0	8	1	1
6	train_NB3_WV_2_60.arff	 weka.classifiers.functions.SMO	 [-C, 0.7489710149771317, -N, 0, -M, -K, weka.classifiers.functions.supportVector.PolyKernel -E 1.9269828399828244]	0	0.042	46	69.697	20	30.303	0.3939	0.3751	0.4325	75.0157	86.5072	66	31	2	0	15	18	1	0.939	0.545	0.633	0.939	0.756	0.45	0.738	0.676	0.455	0.061	0.882	0.455	0.6	0.45	0.738	0.731	0.697	0.303	0.758	0.697	0.678	0.45	0.738	0.703				122	14	77.7778	4	22.2222	0.5556	0.3297	0.4134	18	0.889	0.333	0.727	0.889	0.8	0.57	0.815	0.73	0.667	0.111	0.857	0.667	0.75	0.57	0.815	0.833	0.778	0.222	0.792	0.778	0.775	0.57	0.815	0.782	8	1	0	6	3	1
7	train_NM3_WV_3_30.arff	 weka.classifiers.functions.Logistic	 [-R, 3.4262002091923836]	0	0.047	94	94.9495	5	5.0505	0.8837	0.1351	0.204	30.3146	43.2649	99	65	1	0	29	4	1	0.985	0.121	0.942	0.985	0.963	0.886	0.994	0.997	0.879	0.015	0.967	0.879	0.921	0.886	0.994	0.989	0.949	0.086	0.95	0.949	0.949	0.886	0.994	0.994				119	14	77.7778	4	22.2222	0.5556	0.2618	0.3912	18	0.889	0.333	0.727	0.889	0.8	0.57	0.901	0.914	0.667	0.111	0.857	0.667	0.75	0.57	0.901	0.914	0.778	0.222	0.792	0.778	0.775	0.57	0.901	0.914	8	1	0	6	3	1
8	train_NB1_WV_2_60.arff	 weka.classifiers.meta.Vote	" [-R, PROD, -S, 1, -B, weka.classifiers.functions.SimpleLogistic -S -W 0, -B, weka.classifiers.lazy.IBk -E -K 32 -X -F, -B, weka.classifiers.functions.SMO -C 0.9544628848288184 -N 0 -M -K ""weka.classifiers.functions.supportVector.Puk -S 8.646402919946384 -O 0.3209748542299446"", -B, weka.classifiers.rules.OneR -B 14, -B, weka.classifiers.bayes.NaiveBayes -D]"	0.303030303030303	0.105	46	69.697	20	30.303	0.3939	0.303	0.5505	60.6061	110.0964	66	31	2	0	15	18	1	0.939	0.545	0.633	0.939	0.756	0.45	0.697	0.625	0.455	0.061	0.882	0.455	0.6	0.45	0.697	0.674	0.697	0.303	0.758	0.697	0.678	0.45	0.697	0.649				173	9	50	9	50	0	0.5	0.7071	18	0.778	0.778	0.5	0.778	0.609	0	0.5	0.5	0.222	0.222	0.5	0.222	0.308	0	0.5	0.5	0.5	0.5	0.5	0.5	0.458	0	0.5	0.5	7	2	0	2	7	1
9	train_NG2_WV_4_60.arff	 weka.classifiers.trees.RandomForest	 [-I, 7, -K, 4, -depth, 5]	0	0.035	66	100	0	0	1	0.0397	0.0891	7.9365	17.8174	66	33	0	0	33	0	1	1	0	1	1	1	1	1	1	1	0	1	1	1	1	1	1	1	0	1	1	1	1	1	1				108	15	83.3333	3	16.6667	0.6667	0.2063	0.4096	18	0.667	0	1	0.667	0.8	0.707	0.864	0.875	1	0.333	0.75	1	0.857	0.707	0.864	0.794	0.833	0.167	0.875	0.833	0.829	0.707	0.864	0.835	6	3	0	9	0	1
10	train_NB1_WV_3_120.arff	 weka.classifiers.bayes.NaiveBayesMultinomial	 []	0.0151515151515152	0.006	65	98.4848	1	1.5152	0.9697	0.0139	0.1128	2.7767	22.5573	66	33	0	0	32	1	1	1	0.03	0.971	1	0.985	0.97	1	1	0.97	0	1	0.97	0.985	0.97	1	1	0.985	0.015	0.985	0.985	0.985	0.97	1	1				89	12	66.6667	6	33.3333	0.3333	0.3128	0.5385	18	0.667	0.333	0.667	0.667	0.667	0.333	0.716	0.791	0.667	0.333	0.667	0.667	0.667	0.333	0.716	0.652	0.667	0.333	0.667	0.667	0.667	0.333	0.716	0.721	6	3	0	6	3	1
11	train_NB1_WV_1_30.arff	 weka.classifiers.trees.RandomForest	 [-I, 10, -K, 0, -depth, 0]	0	0.019	58	87.8788	8	12.1212	0.7576	0.1944	0.297	38.8895	59.3978	66	32	1	0	26	7	1	0.97	0.212	0.821	0.97	0.889	0.77	0.941	0.91	0.788	0.03	0.963	0.788	0.867	0.77	0.941	0.93	0.879	0.121	0.892	0.879	0.878	0.77	0.941	0.92				71	11	61.1111	7	38.8889	0.2222	0.3962	0.4846	18	0.556	0.333	0.625	0.556	0.588	0.224	0.685	0.71	0.667	0.444	0.6	0.667	0.632	0.224	0.685	0.614	0.611	0.389	0.612	0.611	0.61	0.224	0.685	0.662	5	4	0	6	3	1
12	train_NB3_WV_2_30.arff	 weka.classifiers.functions.SMO	 [-C, 0.7489710149771317, -N, 0, -M, -K, weka.classifiers.functions.supportVector.PolyKernel -E 1.9269828399828244]	0	0.054	46	69.697	20	30.303	0.3939	0.3751	0.4325	75.0157	86.5072	66	31	2	0	15	18	1	0.939	0.545	0.633	0.939	0.756	0.45	0.738	0.676	0.455	0.061	0.882	0.455	0.6	0.45	0.738	0.731	0.697	0.303	0.758	0.697	0.678	0.45	0.738	0.703				93	14	77.7778	4	22.2222	0.5556	0.3297	0.4134	18	0.889	0.333	0.727	0.889	0.8	0.57	0.815	0.73	0.667	0.111	0.857	0.667	0.75	0.57	0.815	0.833	0.778	0.222	0.792	0.778	0.775	0.57	0.815	0.782	8	1	0	6	3	1
13	train_NG3_WV_2_120.arff	 weka.classifiers.meta.Bagging	 [-P, 44, -I, 38, -S, 1, -W, weka.classifiers.functions.Logistic, --, -R, 0.00862004925960008]	0	0.208	66	100	0	0	1	0.0153	0.0398	3.0566	7.9629	66	33	0	0	33	0	1	1	0	1	1	1	1	1	1	1	0	1	1	1	1	1	1	1	0	1	1	1	1	1	1				132	14	77.7778	4	22.2222	0.5556	0.2239	0.465	18	0.556	0	1	0.556	0.714	0.62	0.778	0.86	1	0.444	0.692	1	0.818	0.62	0.778	0.738	0.778	0.222	0.846	0.778	0.766	0.62	0.778	0.799	5	4	0	9	0	1
14	train_NG3_WV_3_60.arff	 weka.classifiers.trees.LMT	 [-P, -M, 6, -W, 0, -A]	0.0151515151515152	0.128	65	98.4848	1	1.5152	0.9697	0.0484	0.0948	9.6866	18.9529	66	33	0	0	32	1	1	1	0.03	0.971	1	0.985	0.97	1	1	0.97	0	1	0.97	0.985	0.97	1	1	0.985	0.015	0.985	0.985	0.985	0.97	1	1				167	14	77.7778	4	22.2222	0.5556	0.2571	0.4693	18	0.556	0	1	0.556	0.714	0.62	0.765	0.841	1	0.444	0.692	1	0.818	0.62	0.765	0.693	0.778	0.222	0.846	0.778	0.766	0.62	0.765	0.767	5	4	0	9	0	1
15	train_NM1_WV_1_60.arff	 weka.classifiers.trees.RandomTree	 [-M, 4, -K, 7, -depth, 0, -N, 0, -U]	0.0909090909090909	0.024	91	91.9192	8	8.0808	0.8182	0.1096	0.2341	24.5928	49.6513	99	62	4	0	29	4	1	0.939	0.121	0.939	0.939	0.939	0.818	0.978	0.987	0.879	0.061	0.879	0.879	0.879	0.818	0.978	0.944	0.919	0.101	0.919	0.919	0.919	0.818	0.978	0.972				135	14	77.7778	4	22.2222	0.5556	0.246	0.4175	18	0.889	0.333	0.727	0.889	0.8	0.57	0.84	0.825	0.667	0.111	0.857	0.667	0.75	0.57	0.84	0.763	0.778	0.222	0.792	0.778	0.775	0.57	0.84	0.794	8	1	0	6	3	1
16	train_NB3_WV_3_60.arff	 weka.classifiers.lazy.IBk	 [-E, -K, 1, -X]	0	0.001	58	87.8788	8	12.1212	0.7576	0.1677	0.2814	33.541	56.2823	66	33	0	0	25	8	1	1	0.242	0.805	1	0.892	0.781	0.945	0.911	0.758	0	1	0.758	0.862	0.781	0.945	0.924	0.879	0.121	0.902	0.879	0.877	0.781	0.945	0.918				113	11	61.1111	7	38.8889	0.2222	0.4292	0.5864	18	0.556	0.333	0.625	0.556	0.588	0.224	0.599	0.556	0.667	0.444	0.6	0.667	0.632	0.224	0.599	0.567	0.611	0.389	0.612	0.611	0.61	0.224	0.599	0.561	5	4	0	6	3	1
17	train_NB3_WV_2_120.arff	 weka.classifiers.meta.Bagging	 [-P, 81, -I, 35, -S, 1, -W, weka.classifiers.functions.Logistic, --, -R, 6.346471670696243E-6]	0.0151515151515152	0.095	47	71.2121	19	28.7879	0.4242	0.3619	0.4221	72.3895	84.4284	66	32	1	0	15	18	1	0.97	0.545	0.64	0.97	0.771	0.495	0.758	0.694	0.455	0.03	0.938	0.455	0.612	0.495	0.758	0.744	0.712	0.288	0.789	0.712	0.692	0.495	0.758	0.719				152	14	77.7778	4	22.2222	0.5556	0.3762	0.4446	18	0.889	0.333	0.727	0.889	0.8	0.57	0.753	0.705	0.667	0.111	0.857	0.667	0.75	0.57	0.753	0.712	0.778	0.222	0.792	0.778	0.775	0.57	0.753	0.709	8	1	0	6	3	1
18	train_NG1_WV_4_120.arff	 weka.classifiers.meta.AdaBoostM1	 [-P, 100, -I, 57, -S, 1, -W, weka.classifiers.trees.DecisionStump, --]	0	0.059	66	100	0	0	1	0	0	0	0	66	33	0	0	33	0	1	1	0	1	1	1	1	1	1	1	0	1	1	1	1	1	1	1	0	1	1	1	1	1	1				149	14	77.7778	4	22.2222	0.5556	0.2237	0.4714	18	0.556	0	1	0.556	0.714	0.62	0.833	0.854	1	0.444	0.692	1	0.818	0.62	0.833	0.783	0.778	0.222	0.846	0.778	0.766	0.62	0.833	0.819	5	4	0	9	0	1
19	train_NM3_WV_1_30.arff	 weka.classifiers.rules.PART	 [-M, 7]	0.131313131313131	0.033	86	86.8687	13	13.1313	0.6929	0.228	0.3377	51.1812	71.6277	99	62	4	0	24	9	1	0.939	0.273	0.873	0.939	0.905	0.698	0.833	0.861	0.727	0.061	0.857	0.727	0.787	0.698	0.833	0.714	0.869	0.202	0.868	0.869	0.866	0.698	0.833	0.812				120	13	72.2222	5	27.7778	0.4444	0.3377	0.4723	18	0.889	0.444	0.667	0.889	0.762	0.471	0.722	0.648	0.556	0.111	0.833	0.556	0.667	0.471	0.722	0.685	0.722	0.278	0.75	0.722	0.714	0.471	0.722	0.667	8	1	0	5	4	1
20	train_NG1_WV_2_30.arff	 weka.classifiers.meta.AttributeSelectedClassifier	 [-S, weka.attributeSelection.GreedyStepwise, -E, weka.attributeSelection.CfsSubsetEval, -W, weka.classifiers.rules.PART, --, -M, 4, -B]	0.0303030303030303	0.015	64	96.9697	2	3.0303	0.9394	0.0571	0.169	11.4286	33.8062	66	33	0	0	31	2	1	1	0.061	0.943	1	0.971	0.941	0.97	0.943	0.939	0	1	0.939	0.969	0.941	0.97	0.97	0.97	0.03	0.971	0.97	0.97	0.941	0.97	0.956				164	14	77.7778	4	22.2222	0.5556	0.2381	0.4724	18	0.556	0	1	0.556	0.714	0.62	0.778	0.778	1	0.444	0.692	1	0.818	0.62	0.778	0.692	0.778	0.222	0.846	0.778	0.766	0.62	0.778	0.735	5	4	0	9	0	1
21	train_NG3_WV_2_60.arff	 weka.classifiers.functions.SimpleLogistic	 [-W, 0, -A]	0	0.051	66	100	0	0	1	0.0466	0.0914	9.3216	18.2769	66	33	0	0	33	0	1	1	0	1	1	1	1	1	1	1	0	1	1	1	1	1	1	1	0	1	1	1	1	1	1				82	14	77.7778	4	22.2222	0.5556	0.2576	0.4702	18	0.556	0	1	0.556	0.714	0.62	0.753	0.831	1	0.444	0.692	1	0.818	0.62	0.753	0.686	0.778	0.222	0.846	0.778	0.766	0.62	0.753	0.759	5	4	0	9	0	1
22	train_NM3_WV_1_120.arff	 weka.classifiers.rules.PART	 [-M, 7]	0.131313131313131	0.022	86	86.8687	13	13.1313	0.6929	0.228	0.3377	51.1812	71.6277	99	62	4	0	24	9	1	0.939	0.273	0.873	0.939	0.905	0.698	0.833	0.861	0.727	0.061	0.857	0.727	0.787	0.698	0.833	0.714	0.869	0.202	0.868	0.869	0.866	0.698	0.833	0.812				144	13	72.2222	5	27.7778	0.4444	0.3377	0.4723	18	0.889	0.444	0.667	0.889	0.762	0.471	0.722	0.648	0.556	0.111	0.833	0.556	0.667	0.471	0.722	0.685	0.722	0.278	0.75	0.722	0.714	0.471	0.722	0.667	8	1	0	5	4	1
23	train_NB3_WV_4_30.arff	 weka.classifiers.functions.SMO	 [-C, 1.152106262167039, -N, 0, -M, -K, weka.classifiers.functions.supportVector.Puk -S 5.350239851811477 -O 0.16585023869544807]	0	0.055	50	75.7576	16	24.2424	0.5152	0.2899	0.3812	57.9787	76.2379	66	31	2	0	19	14	1	0.939	0.424	0.689	0.939	0.795	0.553	0.859	0.837	0.576	0.061	0.905	0.576	0.704	0.553	0.859	0.839	0.758	0.242	0.797	0.758	0.749	0.553	0.859	0.838				109	9	50	9	50	0	0.4981	0.5806	18	0.556	0.556	0.5	0.556	0.526	0	0.469	0.501	0.444	0.444	0.5	0.444	0.471	0	0.469	0.497	0.5	0.5	0.5	0.5	0.498	0	0.469	0.499	5	4	0	4	5	1
24	train_NM1_WV_1_120.arff	 weka.classifiers.trees.RandomTree	 [-M, 4, -K, 7, -depth, 0, -N, 0, -U]	0.0909090909090909	0.006	91	91.9192	8	8.0808	0.8182	0.1096	0.2341	24.5928	49.6513	99	62	4	0	29	4	1	0.939	0.121	0.939	0.939	0.939	0.818	0.978	0.987	0.879	0.061	0.879	0.879	0.879	0.818	0.978	0.944	0.919	0.101	0.919	0.919	0.919	0.818	0.978	0.972				136	14	77.7778	4	22.2222	0.5556	0.246	0.4175	18	0.889	0.333	0.727	0.889	0.8	0.57	0.84	0.825	0.667	0.111	0.857	0.667	0.75	0.57	0.84	0.763	0.778	0.222	0.792	0.778	0.775	0.57	0.84	0.794	8	1	0	6	3	1
25	train_NB3_WV_3_120.arff	 weka.classifiers.trees.LMT	 [-B, -R, -M, 26, -W, 0, -A]	0.0151515151515152	0.129	57	86.3636	9	13.6364	0.7273	0.2181	0.3153	43.6112	63.0609	66	32	1	0	25	8	1	0.97	0.242	0.8	0.97	0.877	0.744	0.934	0.901	0.758	0.03	0.962	0.758	0.847	0.744	0.934	0.916	0.864	0.136	0.881	0.864	0.862	0.744	0.934	0.908				129	10	55.5556	8	44.4444	0.1111	0.477	0.6013	18	0.444	0.333	0.571	0.444	0.5	0.114	0.617	0.588	0.667	0.556	0.545	0.667	0.6	0.114	0.617	0.722	0.556	0.444	0.558	0.556	0.55	0.114	0.617	0.655	4	5	0	6	3	1
26	train_NM1_WV_3_60.arff	 weka.classifiers.meta.AttributeSelectedClassifier	 [-S, weka.attributeSelection.GreedyStepwise, -E, weka.attributeSelection.CfsSubsetEval, -W, weka.classifiers.bayes.BayesNet, --, -D, -Q, weka.classifiers.bayes.net.search.local.LAGDHillClimber]	0.181818181818182	0.141	81	81.8182	18	18.1818	0.5645	0.2233	0.3425	50.1223	72.6593	99	61	5	0	20	13	1	0.924	0.394	0.824	0.924	0.871	0.575	0.907	0.952	0.606	0.076	0.8	0.606	0.69	0.575	0.907	0.819	0.818	0.288	0.816	0.818	0.811	0.575	0.907	0.908				126	12	66.6667	6	33.3333	0.3333	0.3126	0.4281	18	0.889	0.556	0.615	0.889	0.727	0.372	0.858	0.888	0.444	0.111	0.8	0.444	0.571	0.372	0.858	0.839	0.667	0.333	0.708	0.667	0.649	0.372	0.858	0.864	8	1	0	4	5	1
27	train_NM1_WV_2_120.arff	 weka.classifiers.trees.RandomTree	 [-M, 4, -K, 7, -depth, 0, -N, 0, -U]	0.0909090909090909	0.008	91	91.9192	8	8.0808	0.8182	0.1096	0.2341	24.5928	49.6513	99	62	4	0	29	4	1	0.939	0.121	0.939	0.939	0.939	0.818	0.978	0.987	0.879	0.061	0.879	0.879	0.879	0.818	0.978	0.944	0.919	0.101	0.919	0.919	0.919	0.818	0.978	0.972				136	14	77.7778	4	22.2222	0.5556	0.246	0.4175	18	0.889	0.333	0.727	0.889	0.8	0.57	0.84	0.825	0.667	0.111	0.857	0.667	0.75	0.57	0.84	0.763	0.778	0.222	0.792	0.778	0.775	0.57	0.84	0.794	8	1	0	6	3	1
28	train_NB1_WV_4_30.arff	 weka.classifiers.trees.RandomForest	 [-I, 10, -K, 0, -depth, 0]	0.0151515151515152	0.022	57	86.3636	9	13.6364	0.7273	0.1904	0.2809	38.0882	56.1893	66	25	8	0	32	1	1	0.758	0.03	0.962	0.758	0.847	0.744	0.963	0.947	0.97	0.242	0.8	0.97	0.877	0.744	0.963	0.945	0.864	0.136	0.881	0.864	0.862	0.744	0.963	0.946				104	11	61.1111	7	38.8889	0.2222	0.3608	0.4696	18	0.222	0	1	0.222	0.364	0.354	0.778	0.753	1	0.778	0.563	1	0.72	0.354	0.778	0.794	0.611	0.389	0.781	0.611	0.542	0.354	0.778	0.773	2	7	0	9	0	1
29	train_NM2_WV_3_60.arff	 weka.classifiers.rules.PART	 [-M, 11, -B]	0.151515151515152	0.029	84	84.8485	15	15.1515	0.6457	0.2565	0.3581	57.5788	75.9727	99	61	5	0	23	10	1	0.924	0.303	0.859	0.924	0.891	0.65	0.811	0.845	0.697	0.076	0.821	0.697	0.754	0.65	0.811	0.674	0.848	0.227	0.847	0.848	0.845	0.65	0.811	0.788				148	13	72.2222	5	27.7778	0.4444	0.3488	0.4651	18	0.778	0.333	0.7	0.778	0.737	0.447	0.722	0.656	0.667	0.222	0.75	0.667	0.706	0.447	0.722	0.667	0.722	0.278	0.725	0.722	0.721	0.447	0.722	0.661	7	2	0	6	3	1
30	train_NB2_WV_1_60.arff	 weka.classifiers.rules.PART	 [-M, 1, -B]	0.0757575757575758	0.013	61	92.4242	5	7.5758	0.8485	0.1362	0.261	27.249	52.2005	66	32	1	0	29	4	1	0.97	0.121	0.889	0.97	0.928	0.852	0.928	0.884	0.879	0.03	0.967	0.879	0.921	0.852	0.928	0.912	0.924	0.076	0.928	0.924	0.924	0.852	0.928	0.898				97	15	83.3333	3	16.6667	0.6667	0.217	0.3911	18	0.778	0.111	0.875	0.778	0.824	0.671	0.833	0.792	0.889	0.222	0.8	0.889	0.842	0.671	0.833	0.767	0.833	0.167	0.837	0.833	0.833	0.671	0.833	0.779	7	2	0	8	1	1
31	train_NB1_WV_1_120.arff	 weka.classifiers.meta.Bagging	 [-P, 81, -I, 35, -S, 1, -W, weka.classifiers.functions.Logistic, --, -R, 6.346471670696243E-6]	0.0151515151515152	0.137	55	83.3333	11	16.6667	0.6667	0.2297	0.3385	45.9419	67.6926	66	29	4	0	26	7	1	0.879	0.212	0.806	0.879	0.841	0.669	0.911	0.884	0.788	0.121	0.867	0.788	0.825	0.669	0.911	0.902	0.833	0.167	0.836	0.833	0.833	0.669	0.911	0.893				124	13	72.2222	5	27.7778	0.4444	0.2925	0.4203	18	0.667	0.222	0.75	0.667	0.706	0.447	0.852	0.827	0.778	0.333	0.7	0.778	0.737	0.447	0.852	0.871	0.722	0.278	0.725	0.722	0.721	0.447	0.852	0.849	6	3	0	7	2	1
32	train_NB3_WV_4_120.arff	 weka.classifiers.trees.RandomForest	 [-I, 10, -K, 0, -depth, 0]	0.0303030303030303	0.015	51	77.2727	15	22.7273	0.5455	0.2423	0.3402	48.4606	68.049	66	20	13	0	31	2	1	0.606	0.061	0.909	0.606	0.727	0.579	0.898	0.874	0.939	0.394	0.705	0.939	0.805	0.579	0.898	0.865	0.773	0.227	0.807	0.773	0.766	0.579	0.898	0.87				300	10	55.5556	8	44.4444	0.1111	0.4556	0.5794	18	0.222	0.111	0.667	0.222	0.333	0.149	0.574	0.539	0.889	0.778	0.533	0.889	0.667	0.149	0.574	0.547	0.556	0.444	0.6	0.556	0.5	0.149	0.574	0.543	2	7	0	8	1	1
33	train_NB2_WV_2_30.arff	 weka.classifiers.functions.SMO	 [-C, 0.7127949742291734, -N, 0, -M, -K, weka.classifiers.functions.supportVector.PolyKernel -E 1.1133446901320447 -L]	0.0909090909090909	0.031	60	90.9091	6	9.0909	0.8182	0.1408	0.2708	28.1502	54.1615	66	31	2	0	29	4	1	0.939	0.121	0.886	0.939	0.912	0.82	0.965	0.946	0.879	0.061	0.935	0.879	0.906	0.82	0.965	0.96	0.909	0.091	0.911	0.909	0.909	0.82	0.965	0.953				116	14	77.7778	4	22.2222	0.5556	0.2537	0.4549	18	0.667	0.111	0.857	0.667	0.75	0.57	0.827	0.828	0.889	0.333	0.727	0.889	0.8	0.57	0.827	0.858	0.778	0.222	0.792	0.778	0.775	0.57	0.827	0.843	6	3	0	8	1	1
34	train_NB2_WV_4_30.arff	 weka.classifiers.functions.SMO	 [-C, 0.7127949742291734, -N, 0, -M, -K, weka.classifiers.functions.supportVector.PolyKernel -E 1.1133446901320447 -L]	0.0909090909090909	0.041	60	90.9091	6	9.0909	0.8182	0.1351	0.2652	27.0281	53.0338	66	31	2	0	29	4	1	0.939	0.121	0.886	0.939	0.912	0.82	0.953	0.925	0.879	0.061	0.935	0.879	0.906	0.82	0.953	0.953	0.909	0.091	0.911	0.909	0.909	0.82	0.953	0.939				137	14	77.7778	4	22.2222	0.5556	0.2562	0.4486	18	0.667	0.111	0.857	0.667	0.75	0.57	0.802	0.792	0.889	0.333	0.727	0.889	0.8	0.57	0.802	0.819	0.778	0.222	0.792	0.778	0.775	0.57	0.802	0.806	6	3	0	8	1	1
35	train_NM2_WV_1_120.arff	 weka.classifiers.functions.SMO	 [-C, 0.7127949742291734, -N, 0, -M, -K, weka.classifiers.functions.supportVector.PolyKernel -E 1.1133446901320447 -L]	0.0505050505050505	0.044	94	94.9495	5	5.0505	0.8837	0.0814	0.2056	18.2597	43.6141	99	65	1	0	29	4	1	0.985	0.121	0.942	0.985	0.963	0.886	0.988	0.994	0.879	0.015	0.967	0.879	0.921	0.886	0.988	0.979	0.949	0.086	0.95	0.949	0.949	0.886	0.988	0.989				123	14	77.7778	4	22.2222	0.5556	0.2248	0.4435	18	0.667	0.111	0.857	0.667	0.75	0.57	0.802	0.872	0.889	0.333	0.727	0.889	0.8	0.57	0.802	0.717	0.778	0.222	0.792	0.778	0.775	0.57	0.802	0.794	6	3	0	8	1	1
36	train_NM3_WV_4_60.arff	 weka.classifiers.trees.RandomForest	 [-I, 10, -K, 0, -depth, 0]	0.0202020202020202	0.042	97	97.9798	2	2.0202	0.9538	0.1051	0.1645	23.578	34.9016	99	66	0	0	31	2	1	1	0.061	0.971	1	0.985	0.955	1	1	0.939	0	1	0.939	0.969	0.955	1	1	0.98	0.04	0.98	0.98	0.98	0.955	1	1				137	11	61.1111	7	38.8889	0.2222	0.4111	0.526	18	0.889	0.667	0.571	0.889	0.696	0.267	0.735	0.756	0.333	0.111	0.75	0.333	0.462	0.267	0.735	0.702	0.611	0.389	0.661	0.611	0.579	0.267	0.735	0.729	8	1	0	3	6	1
37	train_NB3_WV_1_30.arff	 weka.classifiers.functions.Logistic	 [-R, 6.560104150710577E-7]	0	0.019	50	75.7576	16	24.2424	0.5152	0.3237	0.4024	64.7375	80.4752	66	28	5	0	22	11	1	0.848	0.333	0.718	0.848	0.778	0.524	0.831	0.785	0.667	0.152	0.815	0.667	0.733	0.524	0.831	0.842	0.758	0.242	0.766	0.758	0.756	0.524	0.831	0.814				90	12	66.6667	6	33.3333	0.3333	0.401	0.4977	18	0.667	0.333	0.667	0.667	0.667	0.333	0.691	0.673	0.667	0.333	0.667	0.667	0.667	0.333	0.691	0.685	0.667	0.333	0.667	0.667	0.667	0.333	0.691	0.679	6	3	0	6	3	1
38	train_NM2_WV_3_30.arff	 weka.classifiers.functions.SMO	 [-C, 0.7127949742291734, -N, 0, -M, -K, weka.classifiers.functions.supportVector.PolyKernel -E 1.1133446901320447 -L]	0.0404040404040404	0.052	95	95.9596	4	4.0404	0.9091	0.0563	0.1722	12.6367	36.5304	99	64	2	0	31	2	1	0.97	0.061	0.97	0.97	0.97	0.909	0.995	0.997	0.939	0.03	0.939	0.939	0.939	0.909	0.995	0.991	0.96	0.051	0.96	0.96	0.96	0.909	0.995	0.995				87	14	77.7778	4	22.2222	0.5556	0.2176	0.4372	18	0.667	0.111	0.857	0.667	0.75	0.57	0.827	0.89	0.889	0.333	0.727	0.889	0.8	0.57	0.827	0.801	0.778	0.222	0.792	0.778	0.775	0.57	0.827	0.845	6	3	0	8	1	1
39	train_NG2_WV_1_120.arff	 weka.classifiers.meta.Bagging	 [-P, 44, -I, 38, -S, 1, -W, weka.classifiers.functions.Logistic, --, -R, 0.00862004925960008]	0	0.163	66	100	0	0	1	0.0301	0.0839	6.0184	16.7711	66	33	0	0	33	0	1	1	0	1	1	1	1	1	1	1	0	1	1	1	1	1	1	1	0	1	1	1	1	1	1				168	14	77.7778	4	22.2222	0.5556	0.2059	0.4324	18	0.556	0	1	0.556	0.714	0.62	0.901	0.917	1	0.444	0.692	1	0.818	0.62	0.901	0.917	0.778	0.222	0.846	0.778	0.766	0.62	0.901	0.917	5	4	0	9	0	1
40	train_NG3_WV_4_30.arff	 weka.classifiers.meta.Bagging	 [-P, 44, -I, 38, -S, 1, -W, weka.classifiers.functions.Logistic, --, -R, 0.00862004925960008]	0	0.212	66	100	0	0	1	0.0196	0.0502	3.9122	10.038	66	33	0	0	33	0	1	1	0	1	1	1	1	1	1	1	0	1	1	1	1	1	1	1	0	1	1	1	1	1	1				108	14	77.7778	4	22.2222	0.5556	0.217	0.4496	18	0.556	0	1	0.556	0.714	0.62	0.852	0.888	1	0.444	0.692	1	0.818	0.62	0.852	0.872	0.778	0.222	0.846	0.778	0.766	0.62	0.852	0.88	5	4	0	9	0	1
41	train_NB2_WV_1_30.arff	 weka.classifiers.functions.SMO	 [-C, 0.7127949742291734, -N, 0, -M, -K, weka.classifiers.functions.supportVector.PolyKernel -E 1.1133446901320447 -L]	0.0909090909090909	0.03	60	90.9091	6	9.0909	0.8182	0.1408	0.2708	28.1502	54.1615	66	31	2	0	29	4	1	0.939	0.121	0.886	0.939	0.912	0.82	0.965	0.946	0.879	0.061	0.935	0.879	0.906	0.82	0.965	0.96	0.909	0.091	0.911	0.909	0.909	0.82	0.965	0.953				116	14	77.7778	4	22.2222	0.5556	0.2537	0.4549	18	0.667	0.111	0.857	0.667	0.75	0.57	0.827	0.828	0.889	0.333	0.727	0.889	0.8	0.57	0.827	0.858	0.778	0.222	0.792	0.778	0.775	0.57	0.827	0.843	6	3	0	8	1	1
42	train_NM1_WV_4_120.arff	 weka.classifiers.rules.OneR	 [-B, 2]	0.0909090909090909	0.004	90	90.9091	9	9.0909	0.7874	0.0909	0.3015	20.404	63.9586	99	64	2	0	26	7	1	0.97	0.212	0.901	0.97	0.934	0.793	0.879	0.894	0.788	0.03	0.929	0.788	0.852	0.793	0.879	0.802	0.909	0.152	0.91	0.909	0.907	0.793	0.879	0.864				142	12	66.6667	6	33.3333	0.3333	0.3333	0.5774	18	0.778	0.444	0.636	0.778	0.7	0.342	0.667	0.606	0.556	0.222	0.714	0.556	0.625	0.342	0.667	0.619	0.667	0.333	0.675	0.667	0.663	0.342	0.667	0.613	7	2	0	5	4	1
43	train_NM2_WV_4_60.arff	 weka.classifiers.functions.Logistic	 [-R, 0.057140274761388915]	0	0.047	99	100	0	0	1	0.0162	0.0393	3.6355	8.3281	99	66	0	0	33	0	1	1	0	1	1	1	1	1	1	1	0	1	1	1	1	1	1	1	0	1	1	1	1	1	1				89	14	77.7778	4	22.2222	0.5556	0.2123	0.4509	18	0.778	0.222	0.778	0.778	0.778	0.556	0.827	0.89	0.778	0.222	0.778	0.778	0.778	0.556	0.827	0.801	0.778	0.222	0.778	0.778	0.778	0.556	0.827	0.845	7	2	0	7	2	1
44	train_NM3_WV_2_60.arff	 weka.classifiers.rules.PART	 [-M, 7]	0.131313131313131	0.051	86	86.8687	13	13.1313	0.6929	0.228	0.3377	51.1812	71.6277	99	62	4	0	24	9	1	0.939	0.273	0.873	0.939	0.905	0.698	0.833	0.861	0.727	0.061	0.857	0.727	0.787	0.698	0.833	0.714	0.869	0.202	0.868	0.869	0.866	0.698	0.833	0.812				121	13	72.2222	5	27.7778	0.4444	0.3377	0.4723	18	0.889	0.444	0.667	0.889	0.762	0.471	0.722	0.648	0.556	0.111	0.833	0.556	0.667	0.471	0.722	0.685	0.722	0.278	0.75	0.722	0.714	0.471	0.722	0.667	8	1	0	5	4	1
45	train_NM2_WV_2_60.arff	 weka.classifiers.functions.SMO	 [-C, 0.7127949742291734, -N, 0, -M, -K, weka.classifiers.functions.supportVector.PolyKernel -E 1.1133446901320447 -L]	0.0505050505050505	0.086	94	94.9495	5	5.0505	0.8837	0.0814	0.2056	18.2597	43.6141	99	65	1	0	29	4	1	0.985	0.121	0.942	0.985	0.963	0.886	0.988	0.994	0.879	0.015	0.967	0.879	0.921	0.886	0.988	0.979	0.949	0.086	0.95	0.949	0.949	0.886	0.988	0.989				86	14	77.7778	4	22.2222	0.5556	0.2248	0.4435	18	0.667	0.111	0.857	0.667	0.75	0.57	0.802	0.872	0.889	0.333	0.727	0.889	0.8	0.57	0.802	0.717	0.778	0.222	0.792	0.778	0.775	0.57	0.802	0.794	6	3	0	8	1	1
46	train_NG1_WV_3_60.arff	 weka.classifiers.functions.SMO	 [-C, 1.3762314675534912, -N, 0, -M, -K, weka.classifiers.functions.supportVector.NormalizedPolyKernel -E 1.18626638835136 -L]	0	0.042	66	100	0	0	1	0	0	0	0	66	33	0	0	33	0	1	1	0	1	1	1	1	1	1	1	0	1	1	1	1	1	1	1	0	1	1	1	1	1	1				198	14	77.7778	4	22.2222	0.5556	0.2225	0.4714	18	0.556	0	1	0.556	0.714	0.62	0.889	0.929	1	0.444	0.692	1	0.818	0.62	0.889	0.82	0.778	0.222	0.846	0.778	0.766	0.62	0.889	0.875	5	4	0	9	0	1
47	train_NB1_WV_2_30.arff	 weka.classifiers.meta.RandomSubSpace	 [-I, 10, -P, 0.5239686300143791, -S, 1, -W, weka.classifiers.trees.J48, --, -J, -A, -S, -M, 16, -C, 0.4931541381901494]	0.227272727272727	0.021	45	68.1818	21	31.8182	0.3636	0.4542	0.4656	90.8364	93.1211	66	30	3	0	15	18	1	0.909	0.545	0.625	0.909	0.741	0.408	0.682	0.614	0.455	0.091	0.833	0.455	0.588	0.408	0.682	0.652	0.682	0.318	0.729	0.682	0.664	0.408	0.682	0.633				157	9	50	9	50	0	0.5	0.5111	18	0.778	0.778	0.5	0.778	0.609	0	0.5	0.5	0.222	0.222	0.5	0.222	0.308	0	0.5	0.5	0.5	0.5	0.5	0.5	0.458	0	0.5	0.5	7	2	0	2	7	1
48	train_NG2_WV_2_30.arff	 weka.classifiers.meta.Bagging	 [-P, 44, -I, 38, -S, 1, -W, weka.classifiers.functions.Logistic, --, -R, 0.00862004925960008]	0	0.194	66	100	0	0	1	0.0301	0.0839	6.0184	16.7711	66	33	0	0	33	0	1	1	0	1	1	1	1	1	1	1	0	1	1	1	1	1	1	1	0	1	1	1	1	1	1				178	14	77.7778	4	22.2222	0.5556	0.2059	0.4324	18	0.556	0	1	0.556	0.714	0.62	0.901	0.917	1	0.444	0.692	1	0.818	0.62	0.901	0.917	0.778	0.222	0.846	0.778	0.766	0.62	0.901	0.917	5	4	0	9	0	1
49	train_NM3_WV_2_30.arff	 weka.classifiers.rules.PART	 [-M, 7]	0.131313131313131	0.024	86	86.8687	13	13.1313	0.6929	0.228	0.3377	51.1812	71.6277	99	62	4	0	24	9	1	0.939	0.273	0.873	0.939	0.905	0.698	0.833	0.861	0.727	0.061	0.857	0.727	0.787	0.698	0.833	0.714	0.869	0.202	0.868	0.869	0.866	0.698	0.833	0.812				120	13	72.2222	5	27.7778	0.4444	0.3377	0.4723	18	0.889	0.444	0.667	0.889	0.762	0.471	0.722	0.648	0.556	0.111	0.833	0.556	0.667	0.471	0.722	0.685	0.722	0.278	0.75	0.722	0.714	0.471	0.722	0.667	8	1	0	5	4	1
50	train_NB2_WV_3_120.arff	 weka.classifiers.meta.Bagging	 [-P, 74, -I, 125, -S, 1, -W, weka.classifiers.bayes.NaiveBayes, --, -D]	0.106060606060606	1.788	59	89.3939	7	10.6061	0.7879	0.2995	0.3254	59.8969	65.0818	66	33	0	0	26	7	1	1	0.212	0.825	1	0.904	0.806	0.987	0.987	0.788	0	1	0.788	0.881	0.806	0.987	0.989	0.894	0.106	0.912	0.894	0.893	0.806	0.987	0.988				113	12	66.6667	6	33.3333	0.3333	0.3705	0.4094	18	0.667	0.333	0.667	0.667	0.667	0.333	0.852	0.89	0.667	0.333	0.667	0.667	0.667	0.333	0.852	0.862	0.667	0.333	0.667	0.667	0.667	0.333	0.852	0.876	6	3	0	6	3	1
51	train_NB2_WV_4_60.arff	 weka.classifiers.trees.J48	 [-S, -M, 12]	0.181818181818182	0.081	54	81.8182	12	18.1818	0.6364	0.2697	0.3672	53.9394	73.4434	66	24	9	0	30	3	1	0.727	0.091	0.889	0.727	0.8	0.647	0.868	0.828	0.909	0.273	0.769	0.909	0.833	0.647	0.868	0.824	0.818	0.182	0.829	0.818	0.817	0.647	0.868	0.826				62	11	61.1111	7	38.8889	0.2222	0.3929	0.5236	18	0.556	0.333	0.625	0.556	0.588	0.224	0.648	0.614	0.667	0.444	0.6	0.667	0.632	0.224	0.648	0.617	0.611	0.389	0.612	0.611	0.61	0.224	0.648	0.615	5	4	0	6	3	1
52	train_NM1_WV_4_30.arff	 weka.classifiers.functions.VotedPerceptron	 [-I, 10, -M, 21050, -E, 1.379995947333605]	0	0.02	93	93.9394	6	6.0606	0.8571	0.0606	0.2462	13.6035	52.222	99	66	0	0	27	6	1	1	0.182	0.917	1	0.957	0.866	0.909	0.917	0.818	0	1	0.818	0.9	0.866	0.962	0.952	0.939	0.121	0.944	0.939	0.938	0.866	0.927	0.929				129	14	77.7778	4	22.2222	0.5556	0.2222	0.4714	18	0.778	0.222	0.778	0.778	0.778	0.556	0.778	0.716	0.778	0.222	0.778	0.778	0.778	0.556	0.821	0.749	0.778	0.222	0.778	0.778	0.778	0.556	0.799	0.733	7	2	0	7	2	1
53	train_NG1_WV_2_60.arff	 weka.classifiers.meta.AttributeSelectedClassifier	 [-S, weka.attributeSelection.GreedyStepwise, -E, weka.attributeSelection.CfsSubsetEval, -W, weka.classifiers.rules.PART, --, -M, 4, -B]	0.0303030303030303	0.019	64	96.9697	2	3.0303	0.9394	0.0571	0.169	11.4286	33.8062	66	33	0	0	31	2	1	1	0.061	0.943	1	0.971	0.941	0.97	0.943	0.939	0	1	0.939	0.969	0.941	0.97	0.97	0.97	0.03	0.971	0.97	0.97	0.941	0.97	0.956				164	14	77.7778	4	22.2222	0.5556	0.2381	0.4724	18	0.556	0	1	0.556	0.714	0.62	0.778	0.778	1	0.444	0.692	1	0.818	0.62	0.778	0.692	0.778	0.222	0.846	0.778	0.766	0.62	0.778	0.735	5	4	0	9	0	1
54	train_NB2_WV_1_120.arff	 weka.classifiers.functions.SMO	 [-C, 0.7127949742291734, -N, 0, -M, -K, weka.classifiers.functions.supportVector.PolyKernel -E 1.1133446901320447 -L]	0.0909090909090909	0.031	60	90.9091	6	9.0909	0.8182	0.1408	0.2708	28.1502	54.1615	66	31	2	0	29	4	1	0.939	0.121	0.886	0.939	0.912	0.82	0.965	0.946	0.879	0.061	0.935	0.879	0.906	0.82	0.965	0.96	0.909	0.091	0.911	0.909	0.909	0.82	0.965	0.953				67	14	77.7778	4	22.2222	0.5556	0.2537	0.4549	18	0.667	0.111	0.857	0.667	0.75	0.57	0.827	0.828	0.889	0.333	0.727	0.889	0.8	0.57	0.827	0.858	0.778	0.222	0.792	0.778	0.775	0.57	0.827	0.843	6	3	0	8	1	1
55	train_NB2_WV_3_30.arff	 weka.classifiers.functions.SMO	 [-C, 0.7127949742291734, -N, 0, -M, -K, weka.classifiers.functions.supportVector.PolyKernel -E 1.1133446901320447 -L]	0.0909090909090909	0.039	60	90.9091	6	9.0909	0.8182	0.1375	0.2676	27.4903	53.5189	66	31	2	0	29	4	1	0.939	0.121	0.886	0.939	0.912	0.82	0.966	0.946	0.879	0.061	0.935	0.879	0.906	0.82	0.966	0.961	0.909	0.091	0.911	0.909	0.909	0.82	0.966	0.954				118	14	77.7778	4	22.2222	0.5556	0.2505	0.4479	18	0.667	0.111	0.857	0.667	0.75	0.57	0.84	0.834	0.889	0.333	0.727	0.889	0.8	0.57	0.84	0.87	0.778	0.222	0.792	0.778	0.775	0.57	0.84	0.852	6	3	0	8	1	1
56	train_NG2_WV_1_30.arff	 weka.classifiers.meta.Bagging	 [-P, 44, -I, 38, -S, 1, -W, weka.classifiers.functions.Logistic, --, -R, 0.00862004925960008]	0	0.173	66	100	0	0	1	0.0301	0.0839	6.0184	16.7711	66	33	0	0	33	0	1	1	0	1	1	1	1	1	1	1	0	1	1	1	1	1	1	1	0	1	1	1	1	1	1				176	14	77.7778	4	22.2222	0.5556	0.2059	0.4324	18	0.556	0	1	0.556	0.714	0.62	0.901	0.917	1	0.444	0.692	1	0.818	0.62	0.901	0.917	0.778	0.222	0.846	0.778	0.766	0.62	0.901	0.917	5	4	0	9	0	1
57	train_NG3_WV_1_60.arff	 weka.classifiers.functions.SimpleLogistic	 [-W, 0, -A]	0	0.056	66	100	0	0	1	0.0466	0.0914	9.3216	18.2769	66	33	0	0	33	0	1	1	0	1	1	1	1	1	1	1	0	1	1	1	1	1	1	1	0	1	1	1	1	1	1				82	14	77.7778	4	22.2222	0.5556	0.2576	0.4702	18	0.556	0	1	0.556	0.714	0.62	0.753	0.831	1	0.444	0.692	1	0.818	0.62	0.753	0.686	0.778	0.222	0.846	0.778	0.766	0.62	0.753	0.759	5	4	0	9	0	1
58	train_NG3_WV_3_120.arff	 weka.classifiers.trees.LMT	 [-R, -M, 2, -W, 0.2565104975157818]	0	0.116	66	100	0	0	1	0.0278	0.0561	5.5556	11.2296	66	33	0	0	33	0	1	1	0	1	1	1	1	1	1	1	0	1	1	1	1	1	1	1	0	1	1	1	1	1	1				180	14	77.7778	4	22.2222	0.5556	0.244	0.468	18	0.556	0	1	0.556	0.714	0.62	0.778	0.849	1	0.444	0.692	1	0.818	0.62	0.778	0.702	0.778	0.222	0.846	0.778	0.766	0.62	0.778	0.776	5	4	0	9	0	1
59	train_NM3_WV_1_60.arff	 weka.classifiers.rules.PART	 [-M, 7]	0.131313131313131	0.031	86	86.8687	13	13.1313	0.6929	0.228	0.3377	51.1812	71.6277	99	62	4	0	24	9	1	0.939	0.273	0.873	0.939	0.905	0.698	0.833	0.861	0.727	0.061	0.857	0.727	0.787	0.698	0.833	0.714	0.869	0.202	0.868	0.869	0.866	0.698	0.833	0.812				121	13	72.2222	5	27.7778	0.4444	0.3377	0.4723	18	0.889	0.444	0.667	0.889	0.762	0.471	0.722	0.648	0.556	0.111	0.833	0.556	0.667	0.471	0.722	0.685	0.722	0.278	0.75	0.722	0.714	0.471	0.722	0.667	8	1	0	5	4	1
60	train_NG1_WV_1_60.arff	 weka.classifiers.meta.AttributeSelectedClassifier	 [-S, weka.attributeSelection.GreedyStepwise, -E, weka.attributeSelection.CfsSubsetEval, -W, weka.classifiers.rules.PART, --, -M, 4, -B]	0.0303030303030303	0.022	64	96.9697	2	3.0303	0.9394	0.0571	0.169	11.4286	33.8062	66	33	0	0	31	2	1	1	0.061	0.943	1	0.971	0.941	0.97	0.943	0.939	0	1	0.939	0.969	0.941	0.97	0.97	0.97	0.03	0.971	0.97	0.97	0.941	0.97	0.956				164	14	77.7778	4	22.2222	0.5556	0.2381	0.4724	18	0.556	0	1	0.556	0.714	0.62	0.778	0.778	1	0.444	0.692	1	0.818	0.62	0.778	0.692	0.778	0.222	0.846	0.778	0.766	0.62	0.778	0.735	5	4	0	9	0	1
61	train_NB1_WV_3_30.arff	 weka.classifiers.meta.RandomSubSpace	 [-I, 15, -P, 0.4626974775345194, -S, 1, -W, weka.classifiers.rules.PART, --, -M, 10, -B]	0.106060606060606	0.047	52	78.7879	14	21.2121	0.5758	0.4017	0.4226	80.3488	84.5294	66	28	5	0	24	9	1	0.848	0.273	0.757	0.848	0.8	0.58	0.815	0.74	0.727	0.152	0.828	0.727	0.774	0.58	0.815	0.811	0.788	0.212	0.792	0.788	0.787	0.58	0.815	0.776				114	13	72.2222	5	27.7778	0.4444	0.413	0.4398	18	0.667	0.222	0.75	0.667	0.706	0.447	0.772	0.72	0.778	0.333	0.7	0.778	0.737	0.447	0.772	0.804	0.722	0.278	0.725	0.722	0.721	0.447	0.772	0.762	6	3	0	7	2	1
62	train_NB1_WV_4_120.arff	 weka.classifiers.functions.SGD	 [-F, 0, -L, 0.0018925472327894531, -R, 0.010278054642856098]	0	0.021	53	80.303	13	19.697	0.6061	0.197	0.4438	39.3939	88.7625	66	30	3	0	23	10	1	0.909	0.303	0.75	0.909	0.822	0.62	0.803	0.727	0.697	0.091	0.885	0.697	0.78	0.62	0.803	0.768	0.803	0.197	0.817	0.803	0.801	0.62	0.803	0.748				239	11	61.1111	7	38.8889	0.2222	0.3889	0.6236	18	0.556	0.333	0.625	0.556	0.588	0.224	0.611	0.569	0.667	0.444	0.6	0.667	0.632	0.224	0.611	0.567	0.611	0.389	0.612	0.611	0.61	0.224	0.611	0.568	5	4	0	6	3	1
63	train_NM1_WV_3_30.arff	 weka.classifiers.meta.AdaBoostM1	 [-P, 100, -I, 104, -Q, -S, 1, -W, weka.classifiers.bayes.NaiveBayes, --, -D]	0	0.154	96	96.9697	3	3.0303	0.9302	0.0555	0.1439	12.4592	30.5214	99	66	0	0	30	3	1	1	0.091	0.957	1	0.978	0.933	1	1	0.909	0	1	0.909	0.952	0.933	1	1	0.97	0.061	0.971	0.97	0.969	0.933	1	1				77	13	72.2222	5	27.7778	0.4444	0.3175	0.4751	18	0.778	0.333	0.7	0.778	0.737	0.447	0.802	0.872	0.667	0.222	0.75	0.667	0.706	0.447	0.802	0.762	0.722	0.278	0.725	0.722	0.721	0.447	0.802	0.817	7	2	0	6	3	1
64	train_NG1_WV_4_60.arff	 weka.classifiers.meta.Vote	 [-R, MAJ, -S, 1, -B, weka.classifiers.functions.SimpleLogistic -S -W 0, -B, weka.classifiers.bayes.BayesNet -D -Q weka.classifiers.bayes.net.search.local.K2, -B, weka.classifiers.trees.LMT -B -R -C -P -M 12 -W 0, -B, weka.classifiers.bayes.BayesNet -Q weka.classifiers.bayes.net.search.local.TabuSearch, -B, weka.classifiers.functions.Logistic -R 1.5119015159232697E-8]	0	0.635	66	100	0	0	1	0	0	0	0	66	33	0	0	33	0	1	1	0	1	1	1	1	1	1	1	0	1	1	1	1	1	1	1	0	1	1	1	1	1	1				153	14	77.7778	4	22.2222	0.5556	0.2222	0.4714	18	0.556	0	1	0.556	0.714	0.62	0.778	0.778	1	0.444	0.692	1	0.818	0.62	0.778	0.692	0.778	0.222	0.846	0.778	0.766	0.62	0.778	0.735	5	4	0	9	0	1
65	train_NG2_WV_3_30.arff	 weka.classifiers.lazy.IBk	 [-E, -K, 1, -F]	0	0.002	66	100	0	0	1	0.0145	0.0145	2.8973	2.9079	66	33	0	0	33	0	1	1	0	1	1	1	1	1	1	1	0	1	1	1	1	1	1	1	0	1	1	1	1	1	1				120	14	77.7778	4	22.2222	0.5556	0.232	0.4624	18	0.556	0	1	0.556	0.714	0.62	0.741	0.835	1	0.444	0.692	1	0.818	0.62	0.741	0.666	0.778	0.222	0.846	0.778	0.766	0.62	0.741	0.75	5	4	0	9	0	1
66	train_NG1_WV_1_30.arff	 weka.classifiers.meta.AttributeSelectedClassifier	 [-S, weka.attributeSelection.GreedyStepwise, -E, weka.attributeSelection.CfsSubsetEval, -W, weka.classifiers.rules.PART, --, -M, 4, -B]	0.0303030303030303	0.026	64	96.9697	2	3.0303	0.9394	0.0571	0.169	11.4286	33.8062	66	33	0	0	31	2	1	1	0.061	0.943	1	0.971	0.941	0.97	0.943	0.939	0	1	0.939	0.969	0.941	0.97	0.97	0.97	0.03	0.971	0.97	0.97	0.941	0.97	0.956				164	14	77.7778	4	22.2222	0.5556	0.2381	0.4724	18	0.556	0	1	0.556	0.714	0.62	0.778	0.778	1	0.444	0.692	1	0.818	0.62	0.778	0.692	0.778	0.222	0.846	0.778	0.766	0.62	0.778	0.735	5	4	0	9	0	1
67	train_NM1_WV_2_30.arff	 weka.classifiers.trees.RandomTree	 [-M, 4, -K, 7, -depth, 0, -N, 0, -U]	0.0909090909090909	0.016	91	91.9192	8	8.0808	0.8182	0.1096	0.2341	24.5928	49.6513	99	62	4	0	29	4	1	0.939	0.121	0.939	0.939	0.939	0.818	0.978	0.987	0.879	0.061	0.879	0.879	0.879	0.818	0.978	0.944	0.919	0.101	0.919	0.919	0.919	0.818	0.978	0.972				126	14	77.7778	4	22.2222	0.5556	0.246	0.4175	18	0.889	0.333	0.727	0.889	0.8	0.57	0.84	0.825	0.667	0.111	0.857	0.667	0.75	0.57	0.84	0.763	0.778	0.222	0.792	0.778	0.775	0.57	0.84	0.794	8	1	0	6	3	1
68	train_NM3_WV_4_30.arff	 weka.classifiers.trees.RandomForest	 [-I, 10, -K, 0, -depth, 0]	0.0202020202020202	0.025	97	97.9798	2	2.0202	0.9538	0.1051	0.1645	23.578	34.9016	99	66	0	0	31	2	1	1	0.061	0.971	1	0.985	0.955	1	1	0.939	0	1	0.939	0.969	0.955	1	1	0.98	0.04	0.98	0.98	0.98	0.955	1	1				77	11	61.1111	7	38.8889	0.2222	0.4111	0.526	18	0.889	0.667	0.571	0.889	0.696	0.267	0.735	0.756	0.333	0.111	0.75	0.333	0.462	0.267	0.735	0.702	0.611	0.389	0.661	0.611	0.579	0.267	0.735	0.729	8	1	0	3	6	1
69	train_NB1_WV_3_60.arff	 weka.classifiers.meta.RandomSubSpace	 [-I, 15, -P, 0.4626974775345194, -S, 1, -W, weka.classifiers.rules.PART, --, -M, 10, -B]	0.106060606060606	0.081	52	78.7879	14	21.2121	0.5758	0.4017	0.4226	80.3488	84.5294	66	28	5	0	24	9	1	0.848	0.273	0.757	0.848	0.8	0.58	0.815	0.74	0.727	0.152	0.828	0.727	0.774	0.58	0.815	0.811	0.788	0.212	0.792	0.788	0.787	0.58	0.815	0.776				125	13	72.2222	5	27.7778	0.4444	0.413	0.4398	18	0.667	0.222	0.75	0.667	0.706	0.447	0.772	0.72	0.778	0.333	0.7	0.778	0.737	0.447	0.772	0.804	0.722	0.278	0.725	0.722	0.721	0.447	0.772	0.762	6	3	0	7	2	1
70	train_NG3_WV_4_120.arff	 weka.classifiers.meta.RandomSubSpace	 [-I, 12, -P, 0.8995555931875121, -S, 1, -W, weka.classifiers.trees.LMT, --, -B, -R, -C, -M, 7, -W, 0.17618225201312732, -A]	0	0.875	66	100	0	0	1	0.0497	0.0892	9.9447	17.8306	66	33	0	0	33	0	1	1	0	1	1	1	1	1	1	1	0	1	1	1	1	1	1	1	0	1	1	1	1	1	1				130	14	77.7778	4	22.2222	0.5556	0.2609	0.4621	18	0.556	0	1	0.556	0.714	0.62	0.79	0.856	1	0.444	0.692	1	0.818	0.62	0.79	0.756	0.778	0.222	0.846	0.778	0.766	0.62	0.79	0.806	5	4	0	9	0	1
71	train_NM3_WV_2_120.arff	 weka.classifiers.rules.PART	 [-M, 7]	0.131313131313131	0.022	86	86.8687	13	13.1313	0.6929	0.228	0.3377	51.1812	71.6277	99	62	4	0	24	9	1	0.939	0.273	0.873	0.939	0.905	0.698	0.833	0.861	0.727	0.061	0.857	0.727	0.787	0.698	0.833	0.714	0.869	0.202	0.868	0.869	0.866	0.698	0.833	0.812				144	13	72.2222	5	27.7778	0.4444	0.3377	0.4723	18	0.889	0.444	0.667	0.889	0.762	0.471	0.722	0.648	0.556	0.111	0.833	0.556	0.667	0.471	0.722	0.685	0.722	0.278	0.75	0.722	0.714	0.471	0.722	0.667	8	1	0	5	4	1
72	train_NB1_WV_4_60.arff	 weka.classifiers.functions.Logistic	 [-R, 1.7698505109855093E-12]	0	0.147	66	100	0	0	1	0	0	0	0	66	33	0	0	33	0	1	1	0	1	1	1	1	1	1	1	0	1	1	1	1	1	1	1	0	1	1	1	1	1	1				117	13	72.2222	5	27.7778	0.4444	0.2778	0.527	18	0.667	0.222	0.75	0.667	0.706	0.447	0.784	0.767	0.778	0.333	0.7	0.778	0.737	0.447	0.778	0.782	0.722	0.278	0.725	0.722	0.721	0.447	0.781	0.775	6	3	0	7	2	1
73	train_NG1_WV_4_30.arff	 weka.classifiers.meta.Vote	 [-R, MAJ, -S, 1, -B, weka.classifiers.functions.SimpleLogistic -S -W 0, -B, weka.classifiers.bayes.BayesNet -D -Q weka.classifiers.bayes.net.search.local.K2, -B, weka.classifiers.trees.LMT -B -R -C -P -M 12 -W 0, -B, weka.classifiers.bayes.BayesNet -Q weka.classifiers.bayes.net.search.local.TabuSearch, -B, weka.classifiers.functions.Logistic -R 1.5119015159232697E-8]	0	0.438	66	100	0	0	1	0	0	0	0	66	33	0	0	33	0	1	1	0	1	1	1	1	1	1	1	0	1	1	1	1	1	1	1	0	1	1	1	1	1	1				183	14	77.7778	4	22.2222	0.5556	0.2222	0.4714	18	0.556	0	1	0.556	0.714	0.62	0.778	0.778	1	0.444	0.692	1	0.818	0.62	0.778	0.692	0.778	0.222	0.846	0.778	0.766	0.62	0.778	0.735	5	4	0	9	0	1
74	train_NM1_WV_1_30.arff	 weka.classifiers.trees.RandomTree	 [-M, 4, -K, 7, -depth, 0, -N, 0, -U]	0.0909090909090909	0.015	91	91.9192	8	8.0808	0.8182	0.1096	0.2341	24.5928	49.6513	99	62	4	0	29	4	1	0.939	0.121	0.939	0.939	0.939	0.818	0.978	0.987	0.879	0.061	0.879	0.879	0.879	0.818	0.978	0.944	0.919	0.101	0.919	0.919	0.919	0.818	0.978	0.972				129	14	77.7778	4	22.2222	0.5556	0.246	0.4175	18	0.889	0.333	0.727	0.889	0.8	0.57	0.84	0.825	0.667	0.111	0.857	0.667	0.75	0.57	0.84	0.763	0.778	0.222	0.792	0.778	0.775	0.57	0.84	0.794	8	1	0	6	3	1
75	train_NB1_WV_2_120.arff	 weka.classifiers.meta.Vote	" [-R, PROD, -S, 1, -B, weka.classifiers.functions.SimpleLogistic -S -W 0, -B, weka.classifiers.lazy.IBk -E -K 32 -X -F, -B, weka.classifiers.functions.SMO -C 0.9544628848288184 -N 0 -M -K ""weka.classifiers.functions.supportVector.Puk -S 8.646402919946384 -O 0.3209748542299446"", -B, weka.classifiers.rules.OneR -B 14, -B, weka.classifiers.bayes.NaiveBayes -D]"	0.303030303030303	0.078	46	69.697	20	30.303	0.3939	0.303	0.5505	60.6061	110.0964	66	31	2	0	15	18	1	0.939	0.545	0.633	0.939	0.756	0.45	0.697	0.625	0.455	0.061	0.882	0.455	0.6	0.45	0.697	0.674	0.697	0.303	0.758	0.697	0.678	0.45	0.697	0.649				184	9	50	9	50	0	0.5	0.7071	18	0.778	0.778	0.5	0.778	0.609	0	0.5	0.5	0.222	0.222	0.5	0.222	0.308	0	0.5	0.5	0.5	0.5	0.5	0.5	0.458	0	0.5	0.5	7	2	0	2	7	1
76	train_NG2_WV_1_60.arff	 weka.classifiers.meta.Bagging	 [-P, 44, -I, 38, -S, 1, -W, weka.classifiers.functions.Logistic, --, -R, 0.00862004925960008]	0	0.334	66	100	0	0	1	0.0301	0.0839	6.0184	16.7711	66	33	0	0	33	0	1	1	0	1	1	1	1	1	1	1	0	1	1	1	1	1	1	1	0	1	1	1	1	1	1				129	14	77.7778	4	22.2222	0.5556	0.2059	0.4324	18	0.556	0	1	0.556	0.714	0.62	0.901	0.917	1	0.444	0.692	1	0.818	0.62	0.901	0.917	0.778	0.222	0.846	0.778	0.766	0.62	0.901	0.917	5	4	0	9	0	1
77	train_NM2_WV_1_30.arff	 weka.classifiers.functions.SMO	 [-C, 0.7127949742291734, -N, 0, -M, -K, weka.classifiers.functions.supportVector.PolyKernel -E 1.1133446901320447 -L]	0.0505050505050505	0.053	94	94.9495	5	5.0505	0.8837	0.0814	0.2056	18.2597	43.6141	99	65	1	0	29	4	1	0.985	0.121	0.942	0.985	0.963	0.886	0.988	0.994	0.879	0.015	0.967	0.879	0.921	0.886	0.988	0.979	0.949	0.086	0.95	0.949	0.949	0.886	0.988	0.989				69	14	77.7778	4	22.2222	0.5556	0.2248	0.4435	18	0.667	0.111	0.857	0.667	0.75	0.57	0.802	0.872	0.889	0.333	0.727	0.889	0.8	0.57	0.802	0.717	0.778	0.222	0.792	0.778	0.775	0.57	0.802	0.794	6	3	0	8	1	1
78	train_NM1_WV_2_60.arff	 weka.classifiers.trees.RandomTree	 [-M, 4, -K, 7, -depth, 0, -N, 0, -U]	0.0909090909090909	0.01	91	91.9192	8	8.0808	0.8182	0.1096	0.2341	24.5928	49.6513	99	62	4	0	29	4	1	0.939	0.121	0.939	0.939	0.939	0.818	0.978	0.987	0.879	0.061	0.879	0.879	0.879	0.818	0.978	0.944	0.919	0.101	0.919	0.919	0.919	0.818	0.978	0.972				137	14	77.7778	4	22.2222	0.5556	0.246	0.4175	18	0.889	0.333	0.727	0.889	0.8	0.57	0.84	0.825	0.667	0.111	0.857	0.667	0.75	0.57	0.84	0.763	0.778	0.222	0.792	0.778	0.775	0.57	0.84	0.794	8	1	0	6	3	1
79	train_NG2_WV_2_120.arff	 weka.classifiers.meta.Bagging	 [-P, 44, -I, 38, -S, 1, -W, weka.classifiers.functions.Logistic, --, -R, 0.00862004925960008]	0	0.177	66	100	0	0	1	0.0301	0.0839	6.0184	16.7711	66	33	0	0	33	0	1	1	0	1	1	1	1	1	1	1	0	1	1	1	1	1	1	1	0	1	1	1	1	1	1				176	14	77.7778	4	22.2222	0.5556	0.2059	0.4324	18	0.556	0	1	0.556	0.714	0.62	0.901	0.917	1	0.444	0.692	1	0.818	0.62	0.901	0.917	0.778	0.222	0.846	0.778	0.766	0.62	0.901	0.917	5	4	0	9	0	1
80	train_NG3_WV_2_30.arff	 weka.classifiers.functions.SimpleLogistic	 [-W, 0, -A]	0	0.04	66	100	0	0	1	0.0466	0.0914	9.3216	18.2769	66	33	0	0	33	0	1	1	0	1	1	1	1	1	1	1	0	1	1	1	1	1	1	1	0	1	1	1	1	1	1				82	14	77.7778	4	22.2222	0.5556	0.2576	0.4702	18	0.556	0	1	0.556	0.714	0.62	0.753	0.831	1	0.444	0.692	1	0.818	0.62	0.753	0.686	0.778	0.222	0.846	0.778	0.766	0.62	0.753	0.759	5	4	0	9	0	1
81	train_NG2_WV_3_120.arff	 weka.classifiers.functions.Logistic	 [-R, 3.4262002091923836]	0	0.027	65	98.4848	1	1.5152	0.9697	0.0945	0.1298	18.9001	25.9543	66	33	0	0	32	1	1	1	0.03	0.971	1	0.985	0.97	1	1	0.97	0	1	0.97	0.985	0.97	1	1	0.985	0.015	0.985	0.985	0.985	0.97	1	1				158	14	77.7778	4	22.2222	0.5556	0.2392	0.4059	18	0.556	0	1	0.556	0.714	0.62	0.914	0.928	1	0.444	0.692	1	0.818	0.62	0.914	0.925	0.778	0.222	0.846	0.778	0.766	0.62	0.914	0.927	5	4	0	9	0	1
82	train_NB2_WV_4_120.arff	 weka.classifiers.functions.SMO	 [-C, 0.7127949742291734, -N, 0, -M, -K, weka.classifiers.functions.supportVector.PolyKernel -E 1.1133446901320447 -L]	0.0909090909090909	0.043	60	90.9091	6	9.0909	0.8182	0.1351	0.2652	27.0281	53.0338	66	31	2	0	29	4	1	0.939	0.121	0.886	0.939	0.912	0.82	0.953	0.925	0.879	0.061	0.935	0.879	0.906	0.82	0.953	0.953	0.909	0.091	0.911	0.909	0.909	0.82	0.953	0.939				182	14	77.7778	4	22.2222	0.5556	0.2562	0.4486	18	0.667	0.111	0.857	0.667	0.75	0.57	0.802	0.792	0.889	0.333	0.727	0.889	0.8	0.57	0.802	0.819	0.778	0.222	0.792	0.778	0.775	0.57	0.802	0.806	6	3	0	8	1	1
83	train_NM2_WV_4_30.arff	 weka.classifiers.functions.Logistic	 [-R, 0.057140274761388915]	0	0.038	99	100	0	0	1	0.0162	0.0393	3.6355	8.3281	99	66	0	0	33	0	1	1	0	1	1	1	1	1	1	1	0	1	1	1	1	1	1	1	0	1	1	1	1	1	1				60	14	77.7778	4	22.2222	0.5556	0.2123	0.4509	18	0.778	0.222	0.778	0.778	0.778	0.556	0.827	0.89	0.778	0.222	0.778	0.778	0.778	0.556	0.827	0.801	0.778	0.222	0.778	0.778	0.778	0.556	0.827	0.845	7	2	0	7	2	1
84	train_NM3_WV_3_120.arff	 weka.classifiers.trees.RandomForest	 [-I, 10, -K, 0, -depth, 0]	0.0202020202020202	0.02	98	98.9899	1	1.0101	0.9771	0.104	0.1617	23.3513	34.3106	99	66	0	0	32	1	1	1	0.03	0.985	1	0.992	0.977	1	1	0.97	0	1	0.97	0.985	0.977	1	1	0.99	0.02	0.99	0.99	0.99	0.977	1	1				36	12	66.6667	6	33.3333	0.3333	0.3167	0.4183	18	1	0.667	0.6	1	0.75	0.447	0.901	0.886	0.333	0	1	0.333	0.5	0.447	0.901	0.891	0.667	0.333	0.8	0.667	0.625	0.447	0.901	0.889	9	0	0	3	6	1
85	train_NG1_WV_2_120.arff	 weka.classifiers.bayes.NaiveBayes	 [-K]	0.0303030303030303	0.002	64	96.9697	2	3.0303	0.9394	0.0324	0.1733	6.4873	34.6633	66	33	0	0	31	2	1	1	0.061	0.943	1	0.971	0.941	0.97	0.943	0.939	0	1	0.939	0.969	0.941	0.97	0.97	0.97	0.03	0.971	0.97	0.97	0.941	0.97	0.956				194	14	77.7778	4	22.2222	0.5556	0.2235	0.4714	18	0.556	0	1	0.556	0.714	0.62	0.704	0.834	1	0.444	0.692	1	0.818	0.62	0.778	0.692	0.778	0.222	0.846	0.778	0.766	0.62	0.741	0.763	5	4	0	9	0	1
86	train_NB3_WV_1_120.arff	 weka.classifiers.functions.Logistic	 [-R, 6.560104150710577E-7]	0	0.016	50	75.7576	16	24.2424	0.5152	0.3237	0.4024	64.7375	80.4752	66	28	5	0	22	11	1	0.848	0.333	0.718	0.848	0.778	0.524	0.831	0.785	0.667	0.152	0.815	0.667	0.733	0.524	0.831	0.842	0.758	0.242	0.766	0.758	0.756	0.524	0.831	0.814				125	12	66.6667	6	33.3333	0.3333	0.401	0.4977	18	0.667	0.333	0.667	0.667	0.667	0.333	0.691	0.673	0.667	0.333	0.667	0.667	0.667	0.333	0.691	0.685	0.667	0.333	0.667	0.667	0.667	0.333	0.691	0.679	6	3	0	6	3	1
87	train_NG1_WV_1_120.arff	 weka.classifiers.bayes.NaiveBayes	 [-K]	0.0303030303030303	0.002	64	96.9697	2	3.0303	0.9394	0.0324	0.1733	6.4873	34.6633	66	33	0	0	31	2	1	1	0.061	0.943	1	0.971	0.941	0.97	0.943	0.939	0	1	0.939	0.969	0.941	0.97	0.97	0.97	0.03	0.971	0.97	0.97	0.941	0.97	0.956				194	14	77.7778	4	22.2222	0.5556	0.2235	0.4714	18	0.556	0	1	0.556	0.714	0.62	0.704	0.834	1	0.444	0.692	1	0.818	0.62	0.778	0.692	0.778	0.222	0.846	0.778	0.766	0.62	0.741	0.763	5	4	0	9	0	1
88	train_NG3_WV_1_30.arff	 weka.classifiers.functions.SimpleLogistic	 [-W, 0, -A]	0	0.036	66	100	0	0	1	0.0466	0.0914	9.3216	18.2769	66	33	0	0	33	0	1	1	0	1	1	1	1	1	1	1	0	1	1	1	1	1	1	1	0	1	1	1	1	1	1				82	14	77.7778	4	22.2222	0.5556	0.2576	0.4702	18	0.556	0	1	0.556	0.714	0.62	0.753	0.831	1	0.444	0.692	1	0.818	0.62	0.753	0.686	0.778	0.222	0.846	0.778	0.766	0.62	0.753	0.759	5	4	0	9	0	1
89	train_NM2_WV_3_120.arff	 weka.classifiers.functions.SGD	 [-F, 1, -L, 0.06374262009696906, -R, 4.9839199171617385E-5, -M]	0	0.037	99	100	0	0	1	0.0299	0.0739	6.7001	15.6863	99	66	0	0	33	0	1	1	0	1	1	1	1	1	1	1	0	1	1	1	1	1	1	1	0	1	1	1	1	1	1				105	14	77.7778	4	22.2222	0.5556	0.2226	0.461	18	0.667	0.111	0.857	0.667	0.75	0.57	0.815	0.886	0.889	0.333	0.727	0.889	0.8	0.57	0.815	0.784	0.778	0.222	0.792	0.778	0.775	0.57	0.815	0.835	6	3	0	8	1	1
90	train_NM3_WV_3_60.arff	 weka.classifiers.functions.Logistic	 [-R, 3.4262002091923836]	0	0.046	94	94.9495	5	5.0505	0.8837	0.1351	0.204	30.3146	43.2649	99	65	1	0	29	4	1	0.985	0.121	0.942	0.985	0.963	0.886	0.994	0.997	0.879	0.015	0.967	0.879	0.921	0.886	0.994	0.989	0.949	0.086	0.95	0.949	0.949	0.886	0.994	0.994				129	14	77.7778	4	22.2222	0.5556	0.2618	0.3912	18	0.889	0.333	0.727	0.889	0.8	0.57	0.901	0.914	0.667	0.111	0.857	0.667	0.75	0.57	0.901	0.914	0.778	0.222	0.792	0.778	0.775	0.57	0.901	0.914	8	1	0	6	3	1
91	train_NG3_WV_1_120.arff	 weka.classifiers.meta.Bagging	 [-P, 44, -I, 38, -S, 1, -W, weka.classifiers.functions.Logistic, --, -R, 0.00862004925960008]	0	0.172	66	100	0	0	1	0.0153	0.0398	3.0566	7.9629	66	33	0	0	33	0	1	1	0	1	1	1	1	1	1	1	0	1	1	1	1	1	1	1	0	1	1	1	1	1	1				132	14	77.7778	4	22.2222	0.5556	0.2239	0.465	18	0.556	0	1	0.556	0.714	0.62	0.778	0.86	1	0.444	0.692	1	0.818	0.62	0.778	0.738	0.778	0.222	0.846	0.778	0.766	0.62	0.778	0.799	5	4	0	9	0	1
92	train_NG2_WV_2_60.arff	 weka.classifiers.meta.Bagging	 [-P, 44, -I, 38, -S, 1, -W, weka.classifiers.functions.Logistic, --, -R, 0.00862004925960008]	0	0.308	66	100	0	0	1	0.0301	0.0839	6.0184	16.7711	66	33	0	0	33	0	1	1	0	1	1	1	1	1	1	1	0	1	1	1	1	1	1	1	0	1	1	1	1	1	1				193	14	77.7778	4	22.2222	0.5556	0.2059	0.4324	18	0.556	0	1	0.556	0.714	0.62	0.901	0.917	1	0.444	0.692	1	0.818	0.62	0.901	0.917	0.778	0.222	0.846	0.778	0.766	0.62	0.901	0.917	5	4	0	9	0	1
93	train_NB1_WV_1_60.arff	 weka.classifiers.trees.RandomForest	 [-I, 10, -K, 0, -depth, 0]	0	0.019	58	87.8788	8	12.1212	0.7576	0.1944	0.297	38.8895	59.3978	66	32	1	0	26	7	1	0.97	0.212	0.821	0.97	0.889	0.77	0.941	0.91	0.788	0.03	0.963	0.788	0.867	0.77	0.941	0.93	0.879	0.121	0.892	0.879	0.878	0.77	0.941	0.92				85	11	61.1111	7	38.8889	0.2222	0.3962	0.4846	18	0.556	0.333	0.625	0.556	0.588	0.224	0.685	0.71	0.667	0.444	0.6	0.667	0.632	0.224	0.685	0.614	0.611	0.389	0.612	0.611	0.61	0.224	0.685	0.662	5	4	0	6	3	1
94	train_NM2_WV_2_120.arff	 weka.classifiers.functions.SMO	 [-C, 0.7127949742291734, -N, 0, -M, -K, weka.classifiers.functions.supportVector.PolyKernel -E 1.1133446901320447 -L]	0.0505050505050505	0.033	94	94.9495	5	5.0505	0.8837	0.0814	0.2056	18.2597	43.6141	99	65	1	0	29	4	1	0.985	0.121	0.942	0.985	0.963	0.886	0.988	0.994	0.879	0.015	0.967	0.879	0.921	0.886	0.988	0.979	0.949	0.086	0.95	0.949	0.949	0.886	0.988	0.989				123	14	77.7778	4	22.2222	0.5556	0.2248	0.4435	18	0.667	0.111	0.857	0.667	0.75	0.57	0.802	0.872	0.889	0.333	0.727	0.889	0.8	0.57	0.802	0.717	0.778	0.222	0.792	0.778	0.775	0.57	0.802	0.794	6	3	0	8	1	1
95	train_NG3_WV_4_60.arff	 weka.classifiers.meta.Bagging	 [-P, 44, -I, 38, -S, 1, -W, weka.classifiers.functions.Logistic, --, -R, 0.00862004925960008]	0	0.306	66	100	0	0	1	0.0196	0.0502	3.9122	10.038	66	33	0	0	33	0	1	1	0	1	1	1	1	1	1	1	0	1	1	1	1	1	1	1	0	1	1	1	1	1	1				129	14	77.7778	4	22.2222	0.5556	0.217	0.4496	18	0.556	0	1	0.556	0.714	0.62	0.852	0.888	1	0.444	0.692	1	0.818	0.62	0.852	0.872	0.778	0.222	0.846	0.778	0.766	0.62	0.852	0.88	5	4	0	9	0	1
96	train_NB2_WV_2_60.arff	 weka.classifiers.meta.Bagging	 [-P, 81, -I, 35, -S, 1, -W, weka.classifiers.functions.Logistic, --, -R, 6.346471670696243E-6]	0	0.25	61	92.4242	5	7.5758	0.8485	0.1244	0.2389	24.874	47.7872	66	32	1	0	29	4	1	0.97	0.121	0.889	0.97	0.928	0.852	0.971	0.952	0.879	0.03	0.967	0.879	0.921	0.852	0.971	0.964	0.924	0.076	0.928	0.924	0.924	0.852	0.971	0.958				120	14	77.7778	4	22.2222	0.5556	0.2665	0.4493	18	0.667	0.111	0.857	0.667	0.75	0.57	0.827	0.847	0.889	0.333	0.727	0.889	0.8	0.57	0.827	0.844	0.778	0.222	0.792	0.778	0.775	0.57	0.827	0.845	6	3	0	8	1	1
97	train_NM2_WV_2_30.arff	 weka.classifiers.functions.SMO	 [-C, 0.7127949742291734, -N, 0, -M, -K, weka.classifiers.functions.supportVector.PolyKernel -E 1.1133446901320447 -L]	0.0505050505050505	0.037	94	94.9495	5	5.0505	0.8837	0.0814	0.2056	18.2597	43.6141	99	65	1	0	29	4	1	0.985	0.121	0.942	0.985	0.963	0.886	0.988	0.994	0.879	0.015	0.967	0.879	0.921	0.886	0.988	0.979	0.949	0.086	0.95	0.949	0.949	0.886	0.988	0.989				69	14	77.7778	4	22.2222	0.5556	0.2248	0.4435	18	0.667	0.111	0.857	0.667	0.75	0.57	0.802	0.872	0.889	0.333	0.727	0.889	0.8	0.57	0.802	0.717	0.778	0.222	0.792	0.778	0.775	0.57	0.802	0.794	6	3	0	8	1	1
98	train_NG2_WV_4_30.arff	 weka.classifiers.trees.RandomForest	 [-I, 10, -K, 0, -depth, 0]	0	0.023	66	100	0	0	1	0.0545	0.103	10.9091	20.5971	66	33	0	0	33	0	1	1	0	1	1	1	1	1	1	1	0	1	1	1	1	1	1	1	0	1	1	1	1	1	1				179	15	83.3333	3	16.6667	0.6667	0.2167	0.352	18	0.667	0	1	0.667	0.8	0.707	0.944	0.931	1	0.333	0.75	1	0.857	0.707	0.944	0.928	0.833	0.167	0.875	0.833	0.829	0.707	0.944	0.929	6	3	0	9	0	1
99	train_NG3_WV_3_30.arff	 weka.classifiers.trees.LMT	 [-P, -M, 6, -W, 0, -A]	0.0151515151515152	0.114	65	98.4848	1	1.5152	0.9697	0.0484	0.0948	9.6866	18.9529	66	33	0	0	32	1	1	1	0.03	0.971	1	0.985	0.97	1	1	0.97	0	1	0.97	0.985	0.97	1	1	0.985	0.015	0.985	0.985	0.985	0.97	1	1				167	14	77.7778	4	22.2222	0.5556	0.2571	0.4693	18	0.556	0	1	0.556	0.714	0.62	0.765	0.841	1	0.444	0.692	1	0.818	0.62	0.765	0.693	0.778	0.222	0.846	0.778	0.766	0.62	0.765	0.767	5	4	0	9	0	1
100	train_NM2_WV_1_60.arff	 weka.classifiers.functions.SMO	 [-C, 0.7127949742291734, -N, 0, -M, -K, weka.classifiers.functions.supportVector.PolyKernel -E 1.1133446901320447 -L]	0.0505050505050505	0.068	94	94.9495	5	5.0505	0.8837	0.0814	0.2056	18.2597	43.6141	99	65	1	0	29	4	1	0.985	0.121	0.942	0.985	0.963	0.886	0.988	0.994	0.879	0.015	0.967	0.879	0.921	0.886	0.988	0.979	0.949	0.086	0.95	0.949	0.949	0.886	0.988	0.989				79	14	77.7778	4	22.2222	0.5556	0.2248	0.4435	18	0.667	0.111	0.857	0.667	0.75	0.57	0.802	0.872	0.889	0.333	0.727	0.889	0.8	0.57	0.802	0.717	0.778	0.222	0.792	0.778	0.775	0.57	0.802	0.794	6	3	0	8	1	1
101	train_NG2_WV_4_120.arff	 weka.classifiers.trees.RandomForest	 [-I, 38, -K, 0, -depth, 0]	0	0.036	66	100	0	0	1	0.0339	0.068	6.7783	13.6048	66	33	0	0	33	0	1	1	0	1	1	1	1	1	1	1	0	1	1	1	1	1	1	1	0	1	1	1	1	1	1				231	14	77.7778	4	22.2222	0.5556	0.2529	0.4188	18	0.556	0	1	0.556	0.714	0.62	0.901	0.9	1	0.444	0.692	1	0.818	0.62	0.901	0.887	0.778	0.222	0.846	0.778	0.766	0.62	0.901	0.894	5	4	0	9	0	1
102	train_NG1_WV_3_120.arff	 weka.classifiers.functions.SMO	 [-C, 1.3762314675534912, -N, 0, -M, -K, weka.classifiers.functions.supportVector.NormalizedPolyKernel -E 1.18626638835136 -L]	0	0.029	66	100	0	0	1	0	0	0	0	66	33	0	0	33	0	1	1	0	1	1	1	1	1	1	1	0	1	1	1	1	1	1	1	0	1	1	1	1	1	1				230	14	77.7778	4	22.2222	0.5556	0.2225	0.4714	18	0.556	0	1	0.556	0.714	0.62	0.889	0.929	1	0.444	0.692	1	0.818	0.62	0.889	0.82	0.778	0.222	0.846	0.778	0.766	0.62	0.889	0.875	5	4	0	9	0	1
103	train_NB3_WV_1_60.arff	 weka.classifiers.functions.Logistic	 [-R, 6.560104150710577E-7]	0	0.034	50	75.7576	16	24.2424	0.5152	0.3237	0.4024	64.7375	80.4752	66	28	5	0	22	11	1	0.848	0.333	0.718	0.848	0.778	0.524	0.831	0.785	0.667	0.152	0.815	0.667	0.733	0.524	0.831	0.842	0.758	0.242	0.766	0.758	0.756	0.524	0.831	0.814				109	12	66.6667	6	33.3333	0.3333	0.401	0.4977	18	0.667	0.333	0.667	0.667	0.667	0.333	0.691	0.673	0.667	0.333	0.667	0.667	0.667	0.333	0.691	0.685	0.667	0.333	0.667	0.667	0.667	0.333	0.691	0.679	6	3	0	6	3	1
104	train_NG2_WV_3_60.arff	 weka.classifiers.lazy.IBk	 [-E, -K, 1, -F]	0	0.001	66	100	0	0	1	0.0145	0.0145	2.8973	2.9079	66	33	0	0	33	0	1	1	0	1	1	1	1	1	1	1	0	1	1	1	1	1	1	1	0	1	1	1	1	1	1				160	14	77.7778	4	22.2222	0.5556	0.232	0.4624	18	0.556	0	1	0.556	0.714	0.62	0.741	0.835	1	0.444	0.692	1	0.818	0.62	0.741	0.666	0.778	0.222	0.846	0.778	0.766	0.62	0.741	0.75	5	4	0	9	0	1
105	train_NM1_WV_4_60.arff	 weka.classifiers.trees.LMT	 [-B, -M, 4, -W, 0, -A]	0	0.255	94	94.9495	5	5.0505	0.8855	0.1676	0.2497	37.6267	52.9687	99	64	2	0	30	3	1	0.97	0.091	0.955	0.97	0.962	0.886	0.963	0.969	0.909	0.03	0.938	0.909	0.923	0.886	0.963	0.96	0.949	0.071	0.949	0.949	0.949	0.886	0.963	0.966				65	16	88.8889	2	11.1111	0.7778	0.2043	0.341	18	0.889	0.111	0.889	0.889	0.889	0.778	0.877	0.921	0.889	0.111	0.889	0.889	0.889	0.778	0.877	0.825	0.889	0.111	0.889	0.889	0.889	0.778	0.877	0.873	8	1	0	8	1	1
106	train_NM1_WV_3_120.arff	 weka.classifiers.bayes.BayesNet	 [-D, -Q, weka.classifiers.bayes.net.search.local.SimulatedAnnealing]	0.181818181818182	0.261	81	81.8182	18	18.1818	0.5645	0.2333	0.3461	52.3682	73.4109	99	61	5	0	20	13	1	0.924	0.394	0.824	0.924	0.871	0.575	0.89	0.938	0.606	0.076	0.8	0.606	0.69	0.575	0.89	0.809	0.818	0.288	0.816	0.818	0.811	0.575	0.89	0.895				62	12	66.6667	6	33.3333	0.3333	0.3325	0.4324	18	0.889	0.556	0.615	0.889	0.727	0.372	0.87	0.899	0.444	0.111	0.8	0.444	0.571	0.372	0.87	0.848	0.667	0.333	0.708	0.667	0.649	0.372	0.87	0.873	8	1	0	4	5	1
107	train_NB3_WV_3_30.arff	 weka.classifiers.lazy.IBk	 [-E, -K, 1, -X]	0	0.002	58	87.8788	8	12.1212	0.7576	0.1677	0.2814	33.541	56.2823	66	33	0	0	25	8	1	1	0.242	0.805	1	0.892	0.781	0.945	0.911	0.758	0	1	0.758	0.862	0.781	0.945	0.924	0.879	0.121	0.902	0.879	0.877	0.781	0.945	0.918				71	11	61.1111	7	38.8889	0.2222	0.4292	0.5864	18	0.556	0.333	0.625	0.556	0.588	0.224	0.599	0.556	0.667	0.444	0.6	0.667	0.632	0.224	0.599	0.567	0.611	0.389	0.612	0.611	0.61	0.224	0.599	0.561	5	4	0	6	3	1
